headline,author,published,description,read_time,claps,tags
12 Production-Grade Python Code Styles Iâ€™ve Picked Up From Work,,,,,0,
5 Overrated Python Libraries (And What You Should Use Instead),,,,,0,
Why I Stopped Using Python List Comprehensions (And What I Use Instead),,,,,0,
8 Uncommon but Extremely Useful Python Libraries for 2025,,,,,0,
15 Advanced Python Shortcuts I Use Every Day for Faster Coding,,,,,0,
10 Insanely Useful Automation Scripts You Need to Try Using Python,,,,,0,
10 Python Scripts to Automate Your Daily Tasks,,,,,0,
10 Advanced Python Concepts You Should Know To Be a Senior Developer,,,,,0,
10 Python Os/Sys Things I Regret Not Knowing Earlier,,,,,0,
5 Python Automation Projects You Can Build This Weekend,,,,,0,
